X,Y,osm_id,landuse
1.57869011226134,43.4829913003092,130241555,forest
1.56545862155348,43.490671015874,117955111,forest
