X,Y,osm_id,natural
1.56126708920209,43.4869358029877,23866760,water
